;Longitude;Latitude;Esri_label;Corine_label;hfi
1;27.1034944219769;57.725905786046;Trees;Coniferous forest;10
2;26.5125696953139;58.4365138707273;Trees;Mixed forest;7
3;26.1604047173088;58.431001331598;Trees;Broad-leaved forest;2
4;24.8714500421875;58.7442375957994;Trees;Mixed forest;10
5;25.5058114475589;58.4633665124225;Trees;Mixed forest;3
6;26.8578770533788;59.38386284497;Trees;Broad-leaved forest;4
7;24.9915747988477;58.9994445583399;Trees;Mixed forest;10
8;25.2678302564118;57.9025991188715;Trees;Broad-leaved forest;12
9;25.3026980962734;59.339050148967;Trees;Mixed forest;16
10;27.2621273229138;57.5968053565722;Trees;Coniferous forest;3
11;27.9070831420989;59.3615210425214;Trees;Broad-leaved forest;13
12;25.3966731637326;58.6905363860902;Trees;Mixed forest;2
13;25.5122491976063;58.2549202465065;Trees;Mixed forest;3
14;26.6216927325663;58.9668132088093;Trees;Coniferous forest;2
15;25.7172219717391;59.2661985168998;Trees;Mixed forest;12
16;25.1994766580772;58.4291670030753;Trees;Mixed forest;2
17;26.1749419790432;57.6006433054402;Trees;Coniferous forest;3
18;27.2675897397589;58.3052511700126;Trees;Mixed forest;4
19;23.7632706853748;58.672776734385;Trees;Broad-leaved forest;10
20;24.9250342309584;59.2253926500053;Trees;Mixed forest;8
21;25.8500965696723;58.2909369440885;Trees;Mixed forest;11
22;24.8658506593155;58.7914225442264;Trees;Coniferous forest;3
23;22.1903534906586;58.1889196781171;Trees;Broad-leaved forest;4
24;25.7547311182688;58.0777262404786;Trees;Coniferous forest;3
25;25.4165001639166;58.4458147137356;Trees;Mixed forest;6
26;25.996303142067;57.6924504097726;Trees;Coniferous forest;17
27;26.5261537306827;58.5745474580858;Trees;Broad-leaved forest;10
28;25.2638472265386;58.3633611448292;Trees;Mixed forest;2
29;24.6062456607676;58.7168007326793;Trees;Mixed forest;2
30;26.535951594485;57.7919992394005;Trees;Coniferous forest;11
31;27.4913848748467;58.0338884655018;Trees;Broad-leaved forest;7
32;24.4958483179347;57.6789409397073;Trees;Coniferous forest;3
33;24.8918279993502;59.2173995740883;Trees;Mixed forest;4
34;22.2628822308804;57.653015279322;Trees;Coniferous forest;11
35;22.1412876138928;58.3962947409666;Trees;Coniferous forest;6
36;26.694710108723;58.7558405344422;Trees;Broad-leaved forest;2
37;25.9662181449204;59.4796619376099;Trees;Coniferous forest;4
38;25.0095501979864;58.3605345208037;Trees;Mixed forest;2
39;25.014707199915;58.3004838131487;Trees;Coniferous forest;2
40;26.7325364350512;57.5405716221208;Trees;Mixed forest;24
41;25.0592345969112;58.1461122907779;Trees;Coniferous forest;6
42;27.2937399390744;59.0627348770167;Trees;Coniferous forest;10
43;26.0848894461873;57.9860254385605;Trees;Mixed forest;7
44;22.118786338469;57.9641287166277;Rangeland;Coniferous forest;6
45;25.3940606278374;58.6950906179385;Trees;Mixed forest;3
46;25.9722554056888;59.1462326699862;Trees;Mixed forest;3
47;27.7390314774777;57.8677167105287;Rangeland;Coniferous forest;3
48;25.3146636203649;57.8322538305769;Trees;Coniferous forest;11
49;26.1062985919089;58.7498178405667;Trees;Mixed forest;2
50;25.99788834347;57.5409599666598;Trees;Broad-leaved forest;3
51;25.4589230415439;57.6521863030582;Trees;Mixed forest;7
52;24.1957384866094;58.9739733826161;Trees;Coniferous forest;6
53;24.3989750771217;58.8157216872119;Trees;Coniferous forest;6
54;24.754781117055;59.3814686044424;Trees;Mixed forest;38
55;25.1752427836921;57.9205225313802;Trees;Mixed forest;4
56;26.6695162948932;58.5917908372531;Trees;Broad-leaved forest;18
57;24.2307989697527;58.6648148782617;Trees;Broad-leaved forest;2
58;27.2999415286001;58.2173190453433;Trees;Broad-leaved forest;7
59;26.0141208536334;58.7454962427039;Trees;Coniferous forest;2
60;24.449591837826;59.0963273675394;Trees;Coniferous forest;12
61;24.6509297706125;58.2976807709955;Trees;Mixed forest;12
62;27.2055432492102;57.5727622329335;Trees;Coniferous forest;2
63;26.1173874466279;59.3999334449599;Crops;Broad-leaved forest;3
64;27.6247844617227;59.2429265681489;Trees;Coniferous forest;10
65;26.5577574476199;58.0701532872401;Trees;Mixed forest;6
66;26.734427360835;57.6485544608636;Trees;Coniferous forest;7
67;25.4478759954149;58.473976371846;Trees;Mixed forest;6
68;24.6025437133978;58.6623368145303;Trees;Mixed forest;3
69;27.1543765630643;57.7332906690583;Trees;Mixed forest;11
70;26.4553339624551;58.6625294382691;Trees;Broad-leaved forest;5
71;24.9794849332993;58.1615243333621;Trees;Coniferous forest;10
72;26.9716884877683;59.3363036195724;Trees;Mixed forest;27
73;25.4748223997501;59.4237202424908;Trees;Broad-leaved forest;3
74;22.1542664639145;58.0354836512652;Trees;Mixed forest;4
75;22.4395984648735;58.4240861590279;Trees;Broad-leaved forest;11
76;26.5829423346631;59.4255939183391;Rangeland;Mixed forest;10
77;22.8439421136296;58.3644907467939;Trees;Broad-leaved forest;7
78;26.3694090663711;58.5361207922875;Trees;Mixed forest;3
79;25.8784667220207;59.4458939831452;Rangeland;Mixed forest;8
80;26.6554565404075;58.8515444424592;Trees;Mixed forest;4
81;27.0662727705859;57.5982730608117;Trees;Mixed forest;6
82;22.6748435655123;58.7409232635303;Trees;Broad-leaved forest;4
83;27.1288532311774;58.3660354236756;Trees;Broad-leaved forest;12
84;26.4927195647422;59.3891402766432;Trees;Mixed forest;7
85;27.5656185108448;57.9222580601092;Trees;Coniferous forest;11
86;21.9882240930264;58.433911455459;Trees;Broad-leaved forest;10
87;24.7673688814633;58.2964579749671;Rangeland;Mixed forest;1
88;26.7310277783068;59.404105767176;Trees;Coniferous forest;6
89;25.004616951711;59.0836607432628;Crops;Mixed forest;10
90;26.9638784403884;58.9182384550228;Trees;Mixed forest;6
91;26.1202229041096;57.67328352303;Trees;Coniferous forest;2
92;26.8558083973656;59.186986251591;Trees;Broad-leaved forest;19
93;25.3179811735363;58.493986134859;Trees;Coniferous forest;2
94;25.0474761250834;58.5581538999914;Trees;Mixed forest;2
95;24.5055720628851;58.7393213691656;Trees;Mixed forest;2
96;25.594931962025;58.1997730063859;Trees;Mixed forest;5
97;25.5788834885269;57.9356368241715;Trees;Mixed forest;3
98;23.735050174664;58.477802673079;Trees;Coniferous forest;6
99;25.6291009422795;57.6291516425643;Trees;Coniferous forest;3
100;24.9002027436012;58.3632652144722;Trees;Coniferous forest;3
101;25.9248391544004;58.2887153540245;Water;Broad-leaved forest;3
102;25.4249688166752;58.8762465383217;Trees;Mixed forest;13
103;24.5997915221481;58.4828943531988;Trees;Broad-leaved forest;3
104;26.9314263801577;59.0637875880267;Trees;Mixed forest;2
105;22.7450963974116;58.4092562951203;Trees;Broad-leaved forest;7
106;24.3126149056497;59.3633894668084;Trees;Coniferous forest;7
107;24.7998455638605;58.7462186950061;Trees;Mixed forest;10
108;26.6874430738144;57.6134879048801;Trees;Mixed forest;7
109;26.2911193042832;58.3965012022069;Trees;Broad-leaved forest;3
110;24.1816345588801;59.1788840147886;Trees;Mixed forest;3
111;25.6292982912731;58.3129660177299;Trees;Mixed forest;13
112;24.6793370138596;58.850582674867;Trees;Mixed forest;3
113;23.5268775999814;59.1861345983832;Trees;Mixed forest;9
114;26.8709608176918;58.6362858408125;Trees;Coniferous forest;3
115;25.1579805974927;58.1478713949728;Trees;Coniferous forest;4
116;27.3899085747122;58.2932071513705;Trees;Mixed forest;11
117;25.3088411601249;58.6817874064332;Trees;Mixed forest;3
118;27.0506303766009;57.6538749903656;Trees;Mixed forest;2
119;27.3086485261688;57.8363919022201;Trees;Mixed forest;15
120;25.2967058744582;57.800812666334;Trees;Broad-leaved forest;12
121;26.1741135491733;58.9070827598443;Trees;Broad-leaved forest;3
122;27.5961975000266;57.9483267140866;Trees;Coniferous forest;9
123;25.3300566356298;58.8766184182645;Trees;Mixed forest;3
124;24.7406323542911;58.5097134943377;Trees;Mixed forest;3
125;27.648957924186;59.1716897973205;Trees;Mixed forest;1
126;24.8503027502464;58.8240822839246;Trees;Coniferous forest;4
127;26.5684762430906;58.6213359559846;Trees;Mixed forest;26
128;26.8953300890385;57.7929685156014;Trees;Coniferous forest;12
129;25.1264176747027;57.9781690273806;Trees;Coniferous forest;13
130;22.4795983226992;57.7242862419171;Trees;Coniferous forest;11
131;25.015717061167;58.5176251247422;Trees;Mixed forest;3
132;26.0268619263161;57.5880887758205;Trees;Broad-leaved forest;2
133;25.5389057096597;58.0363659958017;Trees;Coniferous forest;7
134;22.1963350057381;58.0637904121604;Trees;Broad-leaved forest;12
135;25.7352376654992;57.5727591570125;Trees;Coniferous forest;18
136;25.2129651034148;58.8357538134518;Rangeland;Mixed forest;10
137;24.7889976236853;58.2393894405814;Trees;Coniferous forest;1
138;25.4687503817316;59.006081166062;Trees;Mixed forest;3
139;26.258369738191;58.5840294400385;Trees;Mixed forest;6
140;26.8876585444474;59.3263107099225;Rangeland;Coniferous forest;8
141;26.065413800478;57.7140642494767;Trees;Coniferous forest;3
142;25.7855642256998;57.8262948573082;Trees;Mixed forest;10
143;24.2359017919846;58.9612212536081;Trees;Mixed forest;4
144;26.4525091055125;57.7449439770147;Trees;Mixed forest;3
145;26.4134434551164;59.0138278560289;Trees;Coniferous forest;10
146;27.1349438850126;57.6140580545076;Trees;Mixed forest;10
147;22.0038853217401;58.3930535771006;Rangeland;Coniferous forest;5
148;25.8760958964283;57.6341495403953;Trees;Coniferous forest;4
149;25.9844897629781;58.7789639611984;Trees;Coniferous forest;2
150;27.7561965959663;59.3436829023815;Rangeland;Broad-leaved forest;7
151;22.1310011582139;58.2922866651575;Trees;Coniferous forest;6
152;24.6445915096486;58.9548169450408;Trees;Coniferous forest;3
153;22.8009219093917;58.828331684087;Trees;Mixed forest;14
154;24.8755654217899;59.1983509329424;Trees;Mixed forest;10
155;22.1240588639203;58.4688770322081;Trees;Coniferous forest;4
156;24.9016885545499;58.2423399165564;Trees;Coniferous forest;2
157;26.2515624641558;58.0123951934204;Trees;Mixed forest;26
158;25.1060294422762;58.2356356973453;Trees;Coniferous forest;6
159;25.2611791778951;59.4276734768284;Trees;Coniferous forest;8
160;24.6356740618906;57.5581854871269;Trees;Mixed forest;3
161;22.6522910327851;58.4533918386532;Trees;Broad-leaved forest;3
162;24.3569193550469;58.8446190618379;Trees;Broad-leaved forest;2
163;24.2540445444929;58.299521289561;Rangeland;Coniferous forest;8
164;26.5071100186993;58.8217388804222;Trees;Coniferous forest;7
165;26.2565543263038;58.8153147390198;Trees;Mixed forest;11
166;26.7217331946745;59.0809013149176;Trees;Coniferous forest;2
167;24.6614875641185;58.8057656589612;Trees;Broad-leaved forest;2
168;25.9845613547574;57.6444928840763;Trees;Coniferous forest;10
169;26.7764074964985;57.7498352234268;Rangeland;Coniferous forest;11
170;24.2631052497012;58.309307451569;Trees;Broad-leaved forest;11
171;25.7721547554387;58.911333176773;Trees;Broad-leaved forest;10
172;24.7281995243495;58.8491049231168;Trees;Coniferous forest;3
173;22.7821991771807;58.4135035266515;Trees;Coniferous forest;11
174;26.9030496439119;58.6991360415532;Trees;Mixed forest;2
175;26.0835201261563;59.5039838600273;Trees;Mixed forest;3
176;26.9886703893332;59.120159239143;Trees;Mixed forest;2
177;22.434691856524;58.4435594694894;Trees;Mixed forest;11
178;22.1659907838257;57.6461984538477;Trees;Mixed forest;128
179;26.0109498938462;59.5997667679442;Trees;Coniferous forest;6
180;27.2523439251936;57.7984633156939;Trees;Mixed forest;3
181;27.3736659857115;57.8179152752713;Trees;Mixed forest;11
182;25.6383399428824;57.9272443461762;Trees;Coniferous forest;3
183;27.0305823014016;57.8749687661037;Trees;Mixed forest;13
184;25.5683094437473;57.9912348283869;Rangeland;Coniferous forest;5
185;25.172939574226;59.0144736309955;Trees;Mixed forest;2
186;27.2873385674293;59.1386390713931;Trees;Broad-leaved forest;2
187;26.0373520688575;59.5682655957888;Trees;Mixed forest;2
188;25.6969883075744;59.387361942325;Trees;Coniferous forest;3
189;27.399814334879;59.1521688694813;Rangeland;Coniferous forest;2
190;27.1318982801236;58.9702337692736;Trees;Coniferous forest;128
191;25.1777950179488;59.4934792466129;Trees;Mixed forest;128
192;26.2648205732444;57.6781524904718;Rangeland;Mixed forest;21
193;26.4294023971052;59.5131736665626;Trees;Broad-leaved forest;3
194;25.0926624562551;58.1903859295734;Crops;Mixed forest;3
195;27.3279964273704;58.2250731716505;Trees;Broad-leaved forest;3
196;26.1214161124707;57.8522093465;Trees;Coniferous forest;7
197;25.2799955373475;58.9627944990748;Trees;Mixed forest;2
198;27.4847921318783;59.1630600399349;Trees;Mixed forest;1
199;26.7999890828777;59.4105074305711;Trees;Broad-leaved forest;3
200;23.5895174815725;58.8742132655661;Trees;Broad-leaved forest;6
201;26.1617904410619;58.8099099087677;Rangeland;Mixed forest;3
202;26.3207028938956;58.0891418487419;Trees;Mixed forest;3
203;23.8121687555361;58.3975373373337;Trees;Coniferous forest;6
204;25.8144156093247;59.3010688486528;Trees;Mixed forest;3
205;26.0476273449324;58.6048808615093;Trees;Mixed forest;10
206;24.0076758118936;59.2468937567543;Trees;Broad-leaved forest;6
207;25.7488214613599;57.9118656528755;Trees;Coniferous forest;7
208;25.165556062458;58.3240940719976;Rangeland;Coniferous forest;6
209;24.7690495857585;58.2060466166342;Trees;Coniferous forest;13
210;27.3633776356631;57.7052909328448;Trees;Coniferous forest;5
211;21.9620091975457;58.3001949815242;Trees;Coniferous forest;3
212;23.9250338235236;58.923555163623;Trees;Mixed forest;10
213;23.7089134256463;58.5042681691886;Trees;Broad-leaved forest;6
214;26.2048174719654;59.250841221636;Trees;Mixed forest;18
215;23.6604513401144;58.5186221561544;Trees;Mixed forest;128
216;27.9090166984129;59.33883110802;Trees;Broad-leaved forest;10
217;22.5713458478544;58.8663460966363;Trees;Coniferous forest;4
218;25.6582060066624;58.7887382674773;Trees;Broad-leaved forest;2
219;25.439542561026;57.5722986218334;Trees;Coniferous forest;25
220;25.4854926788835;59.0116828429837;Trees;Coniferous forest;3
221;25.3280232184585;58.4057604501152;Trees;Coniferous forest;3
222;25.4327471648193;58.9975303063289;Trees;Coniferous forest;2
223;22.2257508169515;58.249245787533;Trees;Mixed forest;7
224;26.1323613867443;58.8184470496217;Trees;Coniferous forest;3
225;26.4540465998565;58.1041830099169;Trees;Coniferous forest;3
226;25.7008009385207;57.9197709032674;Trees;Mixed forest;3
227;22.2388727265759;58.3763912825778;Trees;Mixed forest;3
228;26.9044111581811;58.5391886154478;Trees;Coniferous forest;2
229;24.7298515348699;59.038346307759;Trees;Mixed forest;6
230;22.4921311815835;58.889568205951;Trees;Broad-leaved forest;6
231;26.4420332907743;59.4852310890301;Trees;Broad-leaved forest;7
232;27.3298981161206;58.2099838091489;Trees;Broad-leaved forest;5
233;26.2507148552321;58.6913516446853;Trees;Mixed forest;3
234;22.376115046597;58.9326546302318;Water;Broad-leaved forest;128
235;22.2667122725384;58.3658688523597;Trees;Coniferous forest;3
236;25.1437657145008;58.7545025085227;Trees;Mixed forest;2
237;26.6715190084152;59.4917029515438;Trees;Broad-leaved forest;10
238;23.8446413616967;59.1310966487817;Trees;Mixed forest;4
239;26.4170813863923;58.5507734836881;Trees;Mixed forest;3
240;23.84152841843;58.4175451400118;Trees;Mixed forest;2
241;22.2429582906502;57.599963416629;Trees;Coniferous forest;3
242;25.2435355798464;58.2753951000103;Trees;Coniferous forest;6
243;27.0729431169234;59.2139783825434;Trees;Coniferous forest;3
244;26.3176983115408;59.1237307365582;Trees;Coniferous forest;18
245;25.371213173435;57.6288963852506;Trees;Coniferous forest;4
246;26.692899874006;58.9198740902654;Trees;Mixed forest;2
247;25.4882704279575;59.3040534052652;Rangeland;Coniferous forest;2
248;24.1304987975961;59.2633463602322;Trees;Broad-leaved forest;2
249;22.6975636627853;58.9474771372086;Trees;Coniferous forest;2
250;26.0842614662412;58.601839580902;Trees;Mixed forest;3
251;25.7027223109859;59.4353715379895;Trees;Coniferous forest;3
252;27.0538095556045;57.6395971817632;Trees;Mixed forest;3
253;25.3159166460838;58.9276942871398;Trees;Coniferous forest;2
254;22.355507167225;58.409048520501;Trees;Broad-leaved forest;7
255;25.8411057400022;59.1708959758683;Trees;Coniferous forest;12
256;27.2608155062752;57.9769811726223;Trees;Coniferous forest;7
257;27.9162291586856;59.3489476114434;Trees;Broad-leaved forest;7
258;25.0358483538033;57.5373316588346;Trees;Mixed forest;4
259;26.6928861366306;58.8774203981377;Trees;Coniferous forest;2
260;23.910242271052;59.3259662952841;Trees;Broad-leaved forest;8
261;27.8700401218522;59.2039509062876;Trees;Coniferous forest;5
262;24.3922712263485;59.1759707296773;Trees;Broad-leaved forest;11
263;22.6145017585472;58.4462979200891;Trees;Coniferous forest;2
264;25.1346241718769;57.6450865396341;Trees;Mixed forest;3
265;25.1562902775351;58.0527994912885;Trees;Coniferous forest;9
266;24.8997965452493;58.1887200070468;Trees;Mixed forest;2
267;23.9662312699759;59.0672127381012;Trees;Coniferous forest;3
268;27.203149839883;57.5672959054674;Trees;Mixed forest;2
269;25.5781176667712;58.5087555680609;Trees;Mixed forest;3
270;24.8039172715478;59.2126814987822;Trees;Mixed forest;6
271;24.9025456884184;58.302620732322;Trees;Mixed forest;1
272;24.93299669969;58.5422281889696;Trees;Mixed forest;3
273;24.6440153751147;58.358062825158;Trees;Coniferous forest;16
274;28.1435709066723;59.4268534967775;Trees;Mixed forest;23
275;26.2052085080883;59.1113637102473;Trees;Mixed forest;21
276;25.0747038080217;58.8437373896991;Trees;Broad-leaved forest;11
277;23.741150894753;58.3942527738524;Trees;Mixed forest;4
278;27.971132575136;59.3303196437413;Trees;Broad-leaved forest;10
279;25.5520779709851;58.6219155439314;Trees;Mixed forest;27
280;26.588690838762;57.909408891779;Trees;Mixed forest;3
281;22.09570294986;58.301248818045;Trees;Mixed forest;3
282;26.1495181309043;58.2013173734588;Trees;Coniferous forest;3
283;24.5335425963987;59.5480778335373;Trees;Coniferous forest;128
284;24.104876234835;58.2562845387962;Trees;Broad-leaved forest;11
285;25.838223377693;58.2096435234383;Trees;Broad-leaved forest;13
286;22.4184499550088;58.3400523350548;Trees;Mixed forest;4
287;25.1471170129533;58.1643402779822;Trees;Mixed forest;3
288;25.9530530774942;59.5410728273282;Trees;Coniferous forest;2
289;27.2881152123634;58.1841136993627;Trees;Coniferous forest;4
290;24.7108042391597;57.7857221957163;Trees;Broad-leaved forest;11
291;23.6120154501877;58.904187988423;Trees;Coniferous forest;5
292;26.1795917562593;57.8382789787641;Trees;Coniferous forest;9
293;22.5852294431893;59.0226452878629;Trees;Coniferous forest;10
294;26.6186447373883;59.234960287233;Trees;Coniferous forest;3
295;27.3483102369155;57.4927475784303;Trees;Mixed forest;3
296;25.8547943817226;59.3239958091126;Trees;Mixed forest;3
297;27.45835216385;59.3248157862736;Trees;Mixed forest;39
298;25.6939640941837;57.7537013509613;Trees;Broad-leaved forest;6
299;26.8759459555042;58.2358295570196;Trees;Mixed forest;3
300;22.9208758976964;58.5859882756557;Trees;Coniferous forest;11
301;25.8702059249471;58.9665907596043;Trees;Mixed forest;10
302;26.8412489071204;59.0813049090168;Trees;Mixed forest;2
303;26.825652785812;58.589393315117;Trees;Coniferous forest;7
304;27.5527283072815;59.3364776810958;Trees;Coniferous forest;10
305;24.0623036012382;58.3788234957305;Rangeland;Coniferous forest;3
306;21.8744849941678;57.5453801103969;Trees;Mixed forest;5
307;27.1013442765845;57.7321247032372;Trees;Coniferous forest;7
308;26.4333265498711;58.9783140311074;Trees;Mixed forest;6
309;26.4705418458658;59.5065353900321;Trees;Coniferous forest;26
310;24.7351851955382;58.6870841805669;Trees;Mixed forest;6
311;26.4721030472152;58.6319494127764;Crops;Mixed forest;3
312;24.8090097778303;58.2805856614165;Trees;Coniferous forest;1
313;26.7793616797205;58.2281472231828;Trees;Coniferous forest;18
314;22.6589845916623;59.0508401346932;Trees;Coniferous forest;7
315;26.2292570404273;59.0551479084966;Trees;Coniferous forest;15
316;24.1782913631192;58.8744087930248;Trees;Coniferous forest;3
317;26.5585108972445;57.5442731740003;Trees;Mixed forest;2
318;26.0756589383911;59.2715884123691;Trees;Broad-leaved forest;5
319;24.1329282360306;59.152648684138;Rangeland;Coniferous forest;3
320;24.4731394707107;59.2331929645513;Trees;Mixed forest;17
321;22.5046331331945;58.9231454320934;Trees;Broad-leaved forest;3
322;26.7498573286262;58.9160097304742;Trees;Mixed forest;2
323;26.4623132552965;57.8333826736961;Trees;Coniferous forest;8
324;25.0060032443792;59.3096085459407;Trees;Mixed forest;5
325;25.554131008473;59.5709876798763;Trees;Mixed forest;7
326;22.2514143841452;58.4561213055125;Trees;Broad-leaved forest;6
327;23.1816830656674;58.4778145660169;Trees;Coniferous forest;7
328;25.1520396602206;58.7303642986582;Trees;Broad-leaved forest;2
329;24.7205896607105;58.8580989146685;Trees;Coniferous forest;3
330;26.4609509515214;58.2417010785395;Trees;Coniferous forest;19
331;23.8968199319226;58.8716085306224;Trees;Broad-leaved forest;17
332;25.8772251061548;57.7446617579958;Trees;Mixed forest;2
333;25.0331827954149;58.8864108837064;Trees;Coniferous forest;3
334;26.2892876089329;57.6329071449343;Trees;Coniferous forest;3
335;25.0354277022155;57.6337711486542;Trees;Coniferous forest;3
336;27.3539175345693;57.4966776932373;Trees;Broad-leaved forest;3
337;27.3754745233973;58.3768454935463;Trees;Coniferous forest;10
338;25.057911917077;58.335188619531;Trees;Coniferous forest;2
339;27.4103487934523;59.2782911249474;Trees;Mixed forest;12
340;27.2357978683682;57.7858391887803;Trees;Broad-leaved forest;3
341;23.8081822848214;58.8593695603988;Trees;Broad-leaved forest;2
342;25.5591401949127;57.7686510446834;Trees;Coniferous forest;10
343;26.1556131243817;57.8389439036145;Trees;Coniferous forest;17
344;23.8153112033636;58.9755157541969;Trees;Broad-leaved forest;6
345;24.7644650782601;58.6310661187283;Rangeland;Coniferous forest;2
346;27.2222868803976;59.0727743438059;Trees;Mixed forest;2
347;24.9867745734463;59.0166209704819;Trees;Mixed forest;3
348;24.7806590925146;58.9261926003765;Trees;Coniferous forest;7
349;24.6240463809824;58.7190950946895;Trees;Coniferous forest;2
350;27.3405980600184;58.0421090525674;Trees;Coniferous forest;3
351;27.570369674949;57.9867520296509;Trees;Coniferous forest;11
352;24.9893597118676;59.0144824166831;Trees;Mixed forest;3
353;22.3669433365635;57.6558089796624;Trees;Mixed forest;7
354;24.9959783570973;59.3435036633265;Trees;Coniferous forest;7
355;24.8778624488764;58.5577918871458;Trees;Mixed forest;7
356;22.7940399869643;58.3381220290139;Trees;Broad-leaved forest;6
357;23.8938985312698;58.8007887994679;Trees;Mixed forest;6
358;23.5308743649361;58.7927446136487;Trees;Broad-leaved forest;8
359;23.4383375273675;59.0629358159512;Trees;Coniferous forest;2
360;24.4794608054077;58.8084812799173;Trees;Coniferous forest;2
361;22.721503707751;58.8020512502106;Trees;Broad-leaved forest;22
362;27.3319392028891;58.1083300681482;Trees;Coniferous forest;4
363;26.941125277769;59.2677423756089;Trees;Broad-leaved forest;1
364;24.8682116553238;59.1503686416503;Trees;Mixed forest;3
365;25.1159722551285;58.3036240311904;Trees;Coniferous forest;2
366;23.8134220070509;59.2229093641433;Trees;Coniferous forest;3
367;25.4891949065958;58.2536385187331;Rangeland;Coniferous forest;3
368;26.0335428248992;57.6942584714988;Trees;Mixed forest;6
369;26.11537145363;57.9684598139724;Trees;Coniferous forest;6
370;27.3697539694315;59.0992781380959;Trees;Coniferous forest;10
371;25.182815056696;57.5761624149621;Trees;Broad-leaved forest;4
372;26.3300816202124;58.4634443158583;Trees;Mixed forest;4
373;25.9225444692529;58.8549779953662;Trees;Mixed forest;2
374;25.4908757590916;59.3950863337612;Trees;Coniferous forest;7
375;25.8642642180102;59.5287703225347;Trees;Mixed forest;2
376;27.1409229048385;59.3677136161802;Trees;Coniferous forest;16
377;25.6551318997904;59.0479255268814;Trees;Coniferous forest;3
378;26.4031542943895;58.5326538010132;Trees;Mixed forest;2
379;26.0620201283914;57.8553888515285;Crops;Coniferous forest;11
380;24.3235738209816;59.3675101212762;Trees;Coniferous forest;9
381;22.215808667441;57.6303125631683;Trees;Mixed forest;5
382;26.1873782149142;57.6618423161867;Trees;Coniferous forest;10
383;27.3510071064938;57.5185548009033;Trees;Mixed forest;128
384;23.6060560657311;59.0393835560522;Trees;Broad-leaved forest;7
385;24.3834406759929;57.8442246371724;Trees;Broad-leaved forest;10
386;25.4023854189865;59.1625593110369;Trees;Mixed forest;4
387;26.8128119329053;57.6226072919991;Trees;Coniferous forest;11
388;24.4493550910725;59.0902055393671;Trees;Coniferous forest;11
389;25.7048820857881;57.9048606602435;Rangeland;Coniferous forest;4
390;25.6323781687534;59.1971528812824;Crops;Coniferous forest;10
391;26.5301139737998;57.9910492732101;Rangeland;Mixed forest;11
392;22.058600079887;58.2697719274167;Rangeland;Coniferous forest;5
393;22.4126464248671;58.9136736404423;Trees;Coniferous forest;6
394;26.3737010061557;59.1884681788166;Trees;Mixed forest;3
395;24.4620524090624;57.812652172535;Trees;Broad-leaved forest;3
396;25.1725176740969;58.1673498801041;Trees;Broad-leaved forest;10
397;26.8348894894021;59.0922887758081;Trees;Broad-leaved forest;2
398;25.4821905472039;59.2169989482396;Trees;Coniferous forest;10
399;22.0850203896586;57.6064709609303;Trees;Mixed forest;10
400;27.3682927135565;58.3048204700386;Trees;Broad-leaved forest;10
401;26.361110674753;58.7970971700359;Trees;Mixed forest;3
402;25.0289371832651;57.6392122442666;Trees;Mixed forest;3
403;26.7217259986305;59.2921521871429;Rangeland;Mixed forest;2
404;25.6496361782703;59.5413504293572;Trees;Coniferous forest;5
405;26.9297206383661;59.221327694567;Trees;Coniferous forest;1
406;23.9385913376329;58.3557044759028;Trees;Mixed forest;6
407;25.8084525810467;59.3438236499931;Trees;Mixed forest;3
408;24.9977399514049;58.5233783580462;Trees;Mixed forest;3
409;25.5606523886562;59.3146064960617;Trees;Coniferous forest;2
410;24.745384494477;57.8091631080953;Trees;Broad-leaved forest;14
411;24.773427505697;59.1087958328087;Trees;Mixed forest;18
412;27.0610632789939;59.201811025122;Trees;Broad-leaved forest;1
413;26.1995164819446;58.6820135505789;Trees;Coniferous forest;3
414;25.0353882554411;58.3851019323637;Trees;Broad-leaved forest;10
415;23.7817796896932;58.3807711583648;Trees;Mixed forest;6
416;25.2250993271397;58.4643855760424;Trees;Broad-leaved forest;2
417;26.9722157866869;59.2568596356166;Trees;Coniferous forest;3
418;26.3678253324874;58.1582912765888;Trees;Coniferous forest;12
419;23.59328750352;58.8646546606945;Trees;Broad-leaved forest;15
420;27.3414092950265;57.7667464986809;Trees;Mixed forest;11
421;26.7902786148681;59.0385773771852;Trees;Mixed forest;10
422;25.7323318632059;58.8050178397982;Trees;Mixed forest;3
423;22.9712037833899;58.9005155619401;Trees;Coniferous forest;4
424;24.5685052716532;57.6535282272433;Trees;Mixed forest;7
425;27.954698618496;59.3336938483512;Trees;Broad-leaved forest;7
426;26.7523485524713;59.0896471028255;Trees;Mixed forest;2
427;25.1394901156345;58.8039531253848;Trees;Mixed forest;2
428;25.8886512511873;58.3746042137657;Trees;Mixed forest;4
429;25.9052296030085;59.2738544543923;Trees;Coniferous forest;10
430;23.585853396273;58.9212458093315;Trees;Broad-leaved forest;14
431;24.6670010738788;58.926422779622;Trees;Mixed forest;3
432;27.5880140203059;59.2415130999336;Trees;Coniferous forest;9
433;24.8523020041042;58.0033216667576;Trees;Mixed forest;2
434;25.6915076044738;57.5859147423272;Trees;Coniferous forest;5
435;27.2943001735814;59.1349850649613;Trees;Coniferous forest;4
436;27.0376026818419;59.0096348403736;Trees;Coniferous forest;3
437;24.7430620736823;58.7622706056771;Trees;Coniferous forest;3
438;25.3467524721677;58.369392090207;Trees;Mixed forest;4
439;24.6912206794737;58.1717631754641;Trees;Coniferous forest;1
440;24.074896413502;58.312304431811;Trees;Mixed forest;6
441;24.6367273302147;59.3600192514211;Trees;Coniferous forest;45
442;26.6896867271526;59.5253978435249;Trees;Mixed forest;6
443;23.7493107971573;58.365008180459;Trees;Broad-leaved forest;4
444;26.3112568086891;58.0073463636917;Trees;Mixed forest;4
445;26.9016788616957;58.7995361190225;Trees;Mixed forest;9
446;24.9199593267483;59.0318082114577;Trees;Mixed forest;3
447;22.7508336109003;58.9365612650285;Trees;Coniferous forest;4
448;26.7781793591974;59.1196656246506;Trees;Mixed forest;2
449;26.5609801072874;59.0178418046436;Trees;Mixed forest;2
450;25.3110325494747;59.2211068048427;Trees;Broad-leaved forest;5
451;26.1255753902438;57.9828048109206;Trees;Mixed forest;5
452;24.572299631201;58.5843707507313;Trees;Mixed forest;3
453;27.1084684967;58.3098818607698;Trees;Mixed forest;10
454;27.641809550748;59.390840741639;Trees;Coniferous forest;23
455;26.2308194835881;58.2731035595662;Trees;Broad-leaved forest;3
456;27.1281219070167;57.5870318079674;Trees;Coniferous forest;4
457;23.8080410505755;58.4739554626276;Trees;Mixed forest;2
458;25.3069157515878;59.058890985808;Trees;Mixed forest;2
459;25.7637190972636;58.4448933325177;Trees;Broad-leaved forest;5
460;26.1047773459475;58.4516195163975;Trees;Broad-leaved forest;2
461;22.1639274077239;58.3614046138841;Trees;Coniferous forest;6
462;24.7143610246167;58.0694810142478;Trees;Coniferous forest;6
463;27.2488620204225;59.2717915251551;Crops;Coniferous forest;11
464;22.3877718914568;57.5907353828926;Trees;Broad-leaved forest;3
465;26.7125270600647;59.345932347263;Trees;Mixed forest;14
466;25.1614992963269;58.7712342539855;Trees;Mixed forest;2
467;27.0665590673893;59.2732488657244;Trees;Mixed forest;1
468;24.7414040550572;58.707896921613;Trees;Mixed forest;10
469;25.04852401418;59.469613689454;Trees;Broad-leaved forest;29
470;24.3970193157456;58.8930819226477;Trees;Coniferous forest;12
471;24.9226401646087;58.2138688595968;Trees;Mixed forest;2
472;22.3472092154583;57.6645037958103;Trees;Mixed forest;11
473;26.472303762501;57.5751477392836;Trees;Coniferous forest;2
474;25.8068537066168;59.0112062668077;Trees;Coniferous forest;11
475;27.0562352634212;57.6947392015621;Trees;Mixed forest;6
476;24.0815027568016;59.1045910837672;Trees;Mixed forest;4
477;25.871758599287;57.8639054118033;Trees;Coniferous forest;6
478;25.269610783664;59.2282402372809;Trees;Mixed forest;12
479;23.5401985173916;59.1331620975493;Trees;Broad-leaved forest;9
480;24.8173379527535;58.3237310439178;Rangeland;Mixed forest;2
481;25.433728374847;57.9890805158761;Trees;Mixed forest;5
482;27.8559007373194;59.1923109304106;Trees;Coniferous forest;2
483;27.0477873392544;59.0129101995626;Trees;Mixed forest;3
484;28.0175756908765;59.4339467966679;Trees;Coniferous forest;14
485;25.6292729413563;59.0842705596206;Trees;Broad-leaved forest;2
486;25.7492451989164;58.5502909590063;Trees;Broad-leaved forest;3
487;26.9495225943805;57.6420565164623;Trees;Coniferous forest;3
488;23.7190505381893;59.1924432288101;Trees;Coniferous forest;6
489;25.525388303325;59.4268161420977;Trees;Coniferous forest;3
490;26.3900914410099;58.8546340553685;Trees;Broad-leaved forest;3
491;25.5856305859018;58.324069456791;Trees;Mixed forest;26
492;23.58628041244;58.5506459121176;Trees;Broad-leaved forest;128
493;25.4905024795681;58.0175475170734;Trees;Broad-leaved forest;3
494;24.8931474082472;58.7894858937069;Trees;Mixed forest;3
495;25.927656745208;58.2600285701163;Trees;Broad-leaved forest;10
496;24.7841273169603;59.0611579532451;Trees;Coniferous forest;8
497;24.2065091201599;58.8762163100151;Trees;Coniferous forest;3
498;23.2608554714626;57.7969886896774;Trees;Coniferous forest;6
499;24.8005619441034;57.9115257379678;Trees;Coniferous forest;6
500;22.1394187089439;58.4591763292777;Trees;Coniferous forest;3
501;25.6405196279219;58.8513790083587;Trees;Broad-leaved forest;3
502;26.1327979083275;57.8986652348597;Trees;Mixed forest;5
503;22.7550519638555;58.2758123364153;Trees;Coniferous forest;18
504;25.1645159088597;57.6233328721185;Trees;Broad-leaved forest;4
505;26.4686845062498;58.8419286095957;Trees;Broad-leaved forest;3
506;24.8421632944157;59.1707931912433;Trees;Coniferous forest;10
507;26.6332997250638;57.813913840581;Trees;Mixed forest;4
508;24.5875685252187;59.0405118569434;Trees;Coniferous forest;3
509;26.0878419144554;57.7158663221177;Trees;Coniferous forest;2
510;27.2589790167075;59.1134209436485;Trees;Coniferous forest;2
511;25.1708731962313;58.5692009742663;Trees;Broad-leaved forest;10
512;27.3747181962394;58.1884565091715;Trees;Broad-leaved forest;4
513;26.9040051202373;57.8169245361598;Trees;Mixed forest;5
514;26.9414195815303;57.9676024890592;Trees;Coniferous forest;10
515;26.7914533502986;57.5213396954533;Rangeland;Mixed forest;6
516;25.0068492448271;57.5930327630538;Trees;Broad-leaved forest;3
517;25.7387709221717;59.584651998394;Trees;Coniferous forest;15
518;26.9937704595214;59.0605623121861;Trees;Mixed forest;5
519;25.7638736325905;59.4016209576467;Trees;Mixed forest;3
520;22.7431461863448;58.9454482855827;Trees;Coniferous forest;6
521;23.2209250353846;58.9994462680855;Trees;Mixed forest;6
522;26.7830271032521;58.1177880965744;Rangeland;Mixed forest;3
523;25.5099383840973;58.5805592932298;Trees;Mixed forest;7
524;22.7818174189461;58.4878170960181;Trees;Mixed forest;4
525;26.7848001630947;57.8686697596183;Trees;Coniferous forest;7
526;23.5346254009184;59.0763059862562;Trees;Broad-leaved forest;4
527;27.4321024953713;59.1590359659883;Trees;Coniferous forest;2
528;23.7570049255981;59.0705634723204;Trees;Coniferous forest;2
529;27.0357948507983;58.0059457388714;Rangeland;Coniferous forest;17
530;26.2503989369858;58.9128859885859;Trees;Coniferous forest;7
531;23.5955109925432;58.8791161180759;Trees;Broad-leaved forest;18
532;25.0146822818377;58.7702984096641;Trees;Mixed forest;3
533;26.3443269011542;59.1658684226695;Trees;Broad-leaved forest;4
534;25.0462559801752;58.3572487039818;Trees;Coniferous forest;6
535;23.845381428708;58.5220581144169;Trees;Coniferous forest;2
536;23.7689119451221;58.4505290021954;Trees;Mixed forest;6
537;24.7902701386321;58.6446207644121;Trees;Coniferous forest;3
538;24.0021211952013;58.4066717437853;NA;Broad-leaved forest;10
539;26.1051135294925;59.5304025251225;Trees;Coniferous forest;2
540;26.3392919796792;58.5299359697166;Trees;Mixed forest;4
541;26.4369727209527;58.9169059495265;Trees;Mixed forest;3
542;24.2478130302445;58.9450123190641;Trees;Mixed forest;3
543;25.2619241597971;58.8279582844808;Trees;Mixed forest;3
544;24.8130726820019;58.0141755748543;Trees;Mixed forest;3
545;23.6825639857103;58.6011001621704;Trees;Broad-leaved forest;13
546;26.9236776309658;57.689619254863;Trees;Coniferous forest;4
547;26.7833738003055;58.2094309815925;Trees;Mixed forest;7
548;25.2575353160348;57.8205446439457;Trees;Broad-leaved forest;14
549;21.978429916956;58.4723006416019;Trees;Broad-leaved forest;3
550;22.7149614454752;58.3207545481761;Trees;Broad-leaved forest;2
551;23.6364749960935;59.2294946431822;Trees;Coniferous forest;6
552;24.5046746665032;58.1677573823779;Trees;Coniferous forest;8
553;26.0176536690752;58.1225925073565;Trees;Mixed forest;3
554;22.6103139207241;58.8742592696612;Trees;Broad-leaved forest;11
555;23.7537229852912;59.200727154036;Trees;Coniferous forest;6
556;27.1362095723005;58.5262580001247;Trees;Mixed forest;4
557;23.9912198170603;58.8366268673853;Trees;Broad-leaved forest;2
558;25.4217204896268;57.9564106253248;Trees;Broad-leaved forest;11
559;22.5547670201324;57.5608191238501;Trees;Mixed forest;3
560;22.9122507248978;58.3504364398871;Trees;Mixed forest;5
561;26.0838455812944;57.6675707922565;Trees;Coniferous forest;2
562;25.9893570894307;58.5081056962085;Trees;Coniferous forest;6
563;27.3806457860711;58.2829533324746;Trees;Mixed forest;6
564;25.4727845181097;57.5337899378593;Trees;Coniferous forest;21
565;25.1084662051142;58.8670495069439;Trees;Broad-leaved forest;2
566;25.1062566917264;58.9566241755266;Trees;Coniferous forest;2
567;27.0326233355161;58.4329980779506;Trees;Coniferous forest;5
568;24.6045856757825;58.8451175851319;Rangeland;Mixed forest;2
569;24.8018795921872;58.4944308901205;Trees;Coniferous forest;9
570;24.7373160224349;58.2219569852301;Rangeland;Mixed forest;2
571;26.2663831935382;58.5887662101804;Trees;Mixed forest;12
572;26.4975438573051;58.3303852108385;Trees;Coniferous forest;12
573;26.4374565468549;59.5291655178455;Trees;Broad-leaved forest;4
574;27.327716315184;57.9193734625145;Trees;Coniferous forest;3
575;27.8061994544919;59.0954455358584;Trees;Mixed forest;3
576;27.0955246170426;59.2564817833775;Trees;Mixed forest;2
577;25.8016640389492;59.5389688089513;Trees;Mixed forest;4
578;27.188154883743;58.0317002451556;Trees;Coniferous forest;15
579;24.1903529890277;58.9779315299475;Trees;Coniferous forest;3
580;24.9357240841314;58.4764537406884;Trees;Mixed forest;7
581;24.5999062551741;58.174382449783;Trees;Coniferous forest;3
582;25.8524536983342;59.2550074298888;Trees;Broad-leaved forest;15
583;25.1270593339315;58.3741249029212;Trees;Coniferous forest;3
584;24.4156332435615;57.8919421973775;Trees;Broad-leaved forest;12
585;24.7087647685938;59.3047015868113;Trees;Mixed forest;16
586;25.7755496366289;58.2944770195268;Trees;Mixed forest;3
587;26.1787377713462;58.6315506589333;Trees;Broad-leaved forest;7
588;27.382494586465;59.1087546042509;Trees;Coniferous forest;10
589;26.3962406815086;57.8389719436432;Trees;Coniferous forest;4
590;27.4705699210501;57.8448261342881;Trees;Coniferous forest;10
591;26.72021902561;59.2087199539269;Trees;Coniferous forest;4
592;24.9042211679694;58.796977951481;Trees;Broad-leaved forest;3
593;24.7788105253319;58.7881965081109;Trees;Mixed forest;7
594;24.8606361776484;59.4627964838373;Trees;Coniferous forest;31
595;26.6473831219821;57.6297168166081;Trees;Coniferous forest;13
596;26.0891829736707;58.4441230540404;Trees;Mixed forest;2
597;24.6492512165783;58.2249333700236;Trees;Coniferous forest;1
598;25.7929501668739;57.5272259611279;Trees;Mixed forest;3
599;25.2844181237064;59.4158851866137;Trees;Coniferous forest;7
600;25.0335423034939;58.0220831777166;Trees;Mixed forest;4
601;27.3007058604282;59.0636729276495;Trees;Coniferous forest;10
602;26.49702544763;59.1828008556904;Trees;Broad-leaved forest;10
603;25.0985182453741;59.3884541215379;Trees;Broad-leaved forest;7
604;24.6159066193382;57.8795394826651;Trees;Coniferous forest;6
605;25.6313500845227;59.5121188807524;Trees;Broad-leaved forest;3
606;22.4240814766001;58.5075522620045;Trees;Broad-leaved forest;10
607;26.740979214215;58.4390900875973;Trees;Mixed forest;12
608;26.4489774842406;57.8698501829542;Trees;Mixed forest;4
609;27.3687476482404;57.8404585954582;Trees;Mixed forest;11
610;25.8879074668978;58.4995089868301;Trees;Coniferous forest;3
611;22.5910446994951;58.9205210869457;Trees;Broad-leaved forest;2
612;27.4906495208054;58.3823231564025;Trees;Broad-leaved forest;128
613;26.3533546392232;57.9472837706037;Trees;Broad-leaved forest;12
614;24.715589523214;57.7904807367462;Trees;Mixed forest;11
615;25.3255051624208;58.600609179825;Trees;Mixed forest;3
616;27.287602011834;59.105484682205;Built Area;Mixed forest;8
617;26.5612521184211;58.0711158733797;Trees;Mixed forest;6
618;24.9024668200519;58.8314055848573;Trees;Coniferous forest;3
619;27.3079507685416;57.528155244922;Trees;Mixed forest;2
620;25.4568287079699;57.7646267693481;Trees;Broad-leaved forest;18
621;25.5259294334934;58.3046362147835;Trees;Mixed forest;15
622;27.251309001842;58.243850392278;Trees;Mixed forest;3
623;23.3236957982805;58.9769840151014;Trees;Broad-leaved forest;13
624;22.4574552826563;58.3260529852386;Trees;Broad-leaved forest;11
625;24.2497723713293;59.0144145260708;Trees;Mixed forest;3
626;24.1751624055303;58.3054632341751;Trees;Mixed forest;10
627;26.5261095701433;58.95307621359;Trees;Mixed forest;2
628;26.5601338525161;59.4606951723487;Trees;Mixed forest;11
629;25.9861545821576;59.2851358014271;Trees;Mixed forest;24
630;23.9288530091129;58.8559907543558;Trees;Mixed forest;4
631;24.8304629724258;58.1620123128815;Rangeland;Coniferous forest;10
632;24.0860525159672;59.1934259637999;Trees;Mixed forest;10
633;26.7950888598917;57.6503672203666;Trees;Coniferous forest;5
634;27.2207255912931;58.1787497330233;Crops;Mixed forest;3
635;26.8160134793308;59.0807388278337;Trees;Broad-leaved forest;10
636;26.0958346452915;58.910914098095;Trees;Mixed forest;3
637;24.8492443978483;58.4956521126438;Trees;Mixed forest;11
638;25.3236773428178;58.5891246819839;Trees;Mixed forest;10
639;26.0469296516961;58.4140409852872;Trees;Coniferous forest;6
640;25.2990228258156;58.0385458596566;Trees;Mixed forest;4
641;24.3486337973234;59.2706945593112;Trees;Mixed forest;10
642;26.082673330953;58.463515064286;Rangeland;Broad-leaved forest;2
643;26.8589236225265;57.8666476186435;Trees;Coniferous forest;12
644;26.676548277439;58.0317265674495;Trees;Mixed forest;11
645;24.8785278657334;58.8263268518957;Trees;Mixed forest;3
646;26.6813766163491;59.2015085303354;Crops;Coniferous forest;11
647;24.3917332655843;58.7828032877896;Trees;Coniferous forest;3
648;25.4734486177487;57.7270381613001;Trees;Mixed forest;4
649;27.5309617397901;59.15459142667;Trees;Coniferous forest;5
650;27.4269601884985;59.0813718240584;Trees;Mixed forest;2
651;25.1752923068602;58.782423415102;Trees;Mixed forest;2
652;26.9486690721692;59.2693338710929;Trees;Broad-leaved forest;1
653;23.9591721536295;58.3579663063589;Trees;Mixed forest;6
654;25.3619230861622;59.1395433873721;Trees;Coniferous forest;4
655;27.908616424427;59.2855389471537;Trees;Coniferous forest;25
656;21.9088785784915;58.2799758103283;Trees;Mixed forest;2
657;25.3399470344183;59.1289062996771;Trees;Mixed forest;6
658;23.7280304351545;59.1808817512384;Trees;Coniferous forest;17
659;22.2852458593467;57.5346935316071;Trees;Coniferous forest;3
660;24.3931281037867;58.963048975098;Trees;Coniferous forest;2
661;27.6406114306879;59.2945392963831;Trees;Coniferous forest;11
662;26.8300642980949;58.1890602996083;Trees;Mixed forest;11
663;27.2541902778569;58.0202007393991;Trees;Coniferous forest;11
664;22.6289989940401;57.5460137543973;Trees;Coniferous forest;12
665;26.2018114177996;59.2570173152784;Trees;Mixed forest;11
666;24.9264303390621;58.2780704568604;Trees;Coniferous forest;2
667;26.1473240270532;58.7135433910267;Trees;Mixed forest;7
668;22.3097596134628;58.4397961051312;Trees;Mixed forest;2
669;25.8183436970366;59.1804196858284;Trees;Coniferous forest;16
670;27.2376924648664;59.4176219039195;Trees;Broad-leaved forest;35
671;25.3210979964335;58.774225804702;Trees;Broad-leaved forest;7
672;23.5917807277936;59.1699161107131;Trees;Broad-leaved forest;3
673;26.1638346116704;59.3398838247884;Trees;Mixed forest;20
674;26.6093118086196;58.1854241068954;Trees;Mixed forest;14
675;24.4404660177786;57.9067892238882;Trees;Mixed forest;11
676;24.419553684646;57.5525002103332;Trees;Coniferous forest;11
677;26.9988851992986;57.7210836636728;Trees;Mixed forest;4
678;27.606473634808;59.1407848017108;Trees;Coniferous forest;5
679;25.6195773272468;57.9549778006574;Trees;Coniferous forest;3
680;24.6310769967305;59.0763000430521;Rangeland;Coniferous forest;3
681;24.0108727649153;58.8273974697975;Rangeland;Broad-leaved forest;3
682;24.1721562855384;58.7943882437898;Trees;Broad-leaved forest;2
683;24.9958226333731;58.3052302927915;Trees;Coniferous forest;2
684;26.5972339929693;58.945248304853;Rangeland;Mixed forest;2
685;24.4766950019353;58.9981864545495;Trees;Coniferous forest;10
686;23.5041429648132;59.2086640169956;Trees;Coniferous forest;3
687;26.2595146816005;58.78677789911;Rangeland;Mixed forest;5
688;25.230929800211;58.3588067554498;Trees;Mixed forest;3
689;24.5074022796356;57.5903496727484;Trees;Broad-leaved forest;11
690;23.3197577063329;59.0013028024853;Trees;Mixed forest;5
691;22.1318818172591;58.3359338285243;Trees;Coniferous forest;14
692;25.1445750220606;59.0169710616338;Trees;Mixed forest;2
693;25.8694006764178;59.0718411428883;Trees;Coniferous forest;11
694;23.8623864359899;58.4047211821229;Trees;Broad-leaved forest;2
695;27.8858936970199;59.169571017407;Trees;Mixed forest;3
696;22.8102322132818;58.8897547078824;Trees;Coniferous forest;7
697;25.8039410785854;57.6144734024191;Trees;Mixed forest;10
698;27.2605780654885;57.6613760929138;Trees;Mixed forest;3
699;27.115873331535;58.1125812288727;Trees;Coniferous forest;19
700;25.6400361005933;59.2189943334134;Trees;Coniferous forest;7
701;22.8273203142011;58.3165665137021;Trees;Broad-leaved forest;13
702;27.570305765426;59.1780359549807;Trees;Mixed forest;9
703;27.3201729944413;59.1822266179822;Trees;Coniferous forest;3
704;26.2347691402294;59.2524530734972;Rangeland;Broad-leaved forest;7
705;24.3851109226026;57.7741603978215;Trees;Broad-leaved forest;10
706;24.5974606792908;58.5928127725333;Trees;Mixed forest;3
707;24.9564128419711;58.2824372360299;Trees;Coniferous forest;2
708;25.4594833209031;59.3343659764696;Trees;Coniferous forest;2
709;26.4861074839244;58.5519608512546;Trees;Mixed forest;3
710;27.1054561308089;58.9802517210829;Trees;Coniferous forest;11
711;26.6619952407076;59.0391544061591;Trees;Mixed forest;10
712;25.3861381570143;58.5728942536769;Trees;Coniferous forest;6
713;22.5096650928462;58.4330406182267;Trees;Coniferous forest;3
714;25.1973105694213;59.1421538251108;Trees;Broad-leaved forest;6
715;26.2260789417434;58.5802185010461;Trees;Mixed forest;4
716;25.1521461363857;59.2202142055548;Trees;Coniferous forest;5
717;27.1369619428366;58.1390345800497;Trees;Coniferous forest;5
718;26.0002643729493;58.7687236651669;Trees;Mixed forest;2
719;24.9087305775687;57.6495354107681;Trees;Mixed forest;13
720;23.7280196483329;58.5290725134466;Trees;Broad-leaved forest;6
721;25.9372860644634;59.0991573339458;Trees;Mixed forest;4
722;26.7607301389321;58.6635276336657;Trees;Broad-leaved forest;11
723;25.6412923636183;58.0343599376224;Trees;Coniferous forest;7
724;23.7972979477014;58.6130399790835;Trees;Broad-leaved forest;2
725;26.4054115778817;58.037410624568;Trees;Mixed forest;6
726;25.6542266183223;58.9576587513802;Trees;Coniferous forest;7
727;27.3831216227571;59.0180953909381;Rangeland;Coniferous forest;4
728;26.6966366969462;59.2185341337395;Trees;Coniferous forest;11
729;24.7555077429966;58.7129687661163;Trees;Mixed forest;10
730;22.7530713990523;58.5111305997727;Trees;Coniferous forest;2
731;23.8074521077052;58.9942764661246;Trees;Broad-leaved forest;4
732;25.6185428200038;58.8037089343443;Rangeland;Mixed forest;3
733;23.7199722216287;58.438301376492;Trees;Broad-leaved forest;13
734;24.4533863843475;58.806070458916;Trees;Coniferous forest;3
735;25.5845432214501;58.0143916828838;Trees;Coniferous forest;3
736;22.3661182916681;57.6138757954479;Trees;Coniferous forest;3
737;24.5975783231717;58.4606285329579;Trees;Mixed forest;3
738;26.6530620167637;58.9407493451099;Trees;Mixed forest;2
739;26.1207535015745;59.5606853213877;Trees;Mixed forest;10
740;25.9308200889324;59.3544827642902;Trees;Mixed forest;3
741;25.0906929403782;59.0910762956224;Trees;Mixed forest;2
742;24.0850250064839;58.8908431298407;Crops;Broad-leaved forest;10
743;27.196778106437;59.4020965704224;Rangeland;Mixed forest;29
744;26.53037236258;58.0415839320213;Trees;Mixed forest;13
745;26.4840715245612;58.1543968950934;Trees;Mixed forest;3
746;24.5230468472119;57.9366060072325;Trees;Coniferous forest;2
747;26.3154276572957;57.8901303546252;Trees;Mixed forest;5
748;27.0956819988132;58.4675728052754;Trees;Mixed forest;4
749;24.319867467827;58.987714230923;Trees;Mixed forest;2
750;25.554529152306;59.5847374945868;Trees;Coniferous forest;8
751;26.4209309406125;58.3191145615496;Trees;Broad-leaved forest;4
752;26.4505999521021;58.7054109318773;Trees;Mixed forest;13
753;27.156770570358;57.7066612605163;Trees;Mixed forest;4
754;22.8470617514123;58.8562723275426;Trees;Coniferous forest;14
755;24.2562048881346;58.4915035522262;Trees;Coniferous forest;2
756;24.5713053140304;58.7384544796444;Trees;Mixed forest;2
757;26.448525459243;57.6531582865553;Trees;Coniferous forest;6
758;25.8256255861561;58.4893283160864;Trees;Coniferous forest;10
759;25.7606168835638;57.5937070785933;Trees;Mixed forest;5
760;25.8520531290455;57.7831724001011;Trees;Broad-leaved forest;6
761;24.9360200802296;58.6690087275659;Trees;Mixed forest;4
762;24.6865023119427;58.845813306928;Trees;Mixed forest;3
763;24.4105449368526;57.5372493137522;Trees;Broad-leaved forest;7
764;25.3115067773207;59.1867046555968;Trees;Coniferous forest;4
765;25.8072580761833;57.897487676989;Trees;Coniferous forest;2
766;25.8745286912533;57.672839161329;Trees;Coniferous forest;18
767;26.1994750556253;58.7637853408884;Trees;Mixed forest;3
768;27.5276517071426;59.1359556784467;Trees;Mixed forest;6
769;24.8390739415035;58.7296462686856;Trees;Coniferous forest;6
770;23.7296084852166;59.0534523635521;Trees;Broad-leaved forest;2
771;25.6649329795316;57.9284227215682;Trees;Coniferous forest;3
772;26.2154689855649;57.6835811907425;Trees;Coniferous forest;3
773;24.6571745846452;59.1198385630667;Trees;Broad-leaved forest;3
774;26.5891504396044;58.9426966170731;Trees;Coniferous forest;2
775;24.440243258671;58.8271605056298;Trees;Mixed forest;6
776;23.7127914643641;58.8081625008027;Trees;Broad-leaved forest;6
777;25.3541977036832;57.7968115665521;Trees;Coniferous forest;3
778;24.3528982068489;57.7248738444316;Trees;Broad-leaved forest;22
779;25.1353579940242;58.7107038089077;Trees;Mixed forest;2
780;26.4194731274457;59.4375485144668;Trees;Mixed forest;8
781;22.129535466475;58.3025674450816;Trees;Mixed forest;3
782;27.4284901388256;59.1612522889079;Trees;Coniferous forest;2
783;24.4466916069828;57.6386155242345;Trees;Coniferous forest;5
784;27.2757493305795;57.8128484746427;Trees;Coniferous forest;3
785;25.3225943268423;58.7198291172509;Trees;Mixed forest;4
786;22.5507109208197;57.6064272526413;Trees;Coniferous forest;6
787;25.679181566076;58.7777981780446;Trees;Mixed forest;2
788;24.5645546870227;57.9822276908819;Trees;Mixed forest;12
789;23.8922888198394;58.8234117918936;Trees;Coniferous forest;2
790;27.0609228490983;59.2354590034739;Trees;Coniferous forest;9
791;26.9199549603901;58.8355281664658;Rangeland;Broad-leaved forest;13
792;25.7257731825053;59.6153046263348;Trees;Coniferous forest;15
793;26.7599486393888;59.1994866199994;Trees;Coniferous forest;3
794;23.4797000256417;59.0423333296211;Trees;Mixed forest;1
795;26.0128239899785;57.9719246717022;Trees;Mixed forest;10
796;21.9324812893794;58.276462824899;Trees;Coniferous forest;3
797;27.1606616148034;58.0603899611957;Crops;Coniferous forest;19
798;25.7021973244486;58.2002759619134;Trees;Broad-leaved forest;3
799;25.4046965164477;59.0918954012921;Trees;Mixed forest;10
800;25.8702609869586;59.5700622046833;Trees;Coniferous forest;128
801;25.031730924235;58.0086376595017;Rangeland;Coniferous forest;10
802;26.8554953029808;57.7349388751456;Trees;Coniferous forest;3
803;26.0294448116772;59.4997890587502;Rangeland;Mixed forest;3
804;26.6305812363801;57.6221377969765;Trees;Coniferous forest;10
805;25.0706554465183;58.4231538006071;Trees;Broad-leaved forest;3
806;26.3355879330571;58.9052704693536;Trees;Mixed forest;3
807;26.3589741754309;58.7997953083696;Trees;Broad-leaved forest;3
808;22.4355519997989;57.6534706299614;Trees;Broad-leaved forest;4
809;24.214009934422;58.7823131701445;Trees;Broad-leaved forest;2
810;24.5879030675919;58.0655073974388;Trees;Mixed forest;13
811;24.461556866403;57.6019838075022;Trees;Broad-leaved forest;5
812;25.4045591402851;58.8809952650235;Trees;Mixed forest;4
813;27.0216607171133;57.7047276284366;Trees;Coniferous forest;13
814;25.4415842186062;58.6197804336753;Trees;Coniferous forest;2
815;26.4417091361936;57.9820805202785;Trees;Mixed forest;4
816;24.8195902124266;58.8579140577256;Trees;Mixed forest;7
817;26.0437926639631;58.7982666926291;Trees;Mixed forest;2
818;26.3905021395422;58.5025423468727;Rangeland;Mixed forest;6
819;26.1034046165291;57.7989565670479;Rangeland;Coniferous forest;22
820;26.6920616151408;58.0307860509618;Trees;Mixed forest;7
821;24.840190438769;57.7502373011097;Crops;Broad-leaved forest;10
822;25.2743269527475;59.1532047929148;Rangeland;Coniferous forest;7
823;23.5259106586842;59.2182336054036;Trees;Coniferous forest;5
824;26.0000313094669;57.5383388004765;Trees;Broad-leaved forest;3
825;26.8346081356598;59.0174644821646;Trees;Mixed forest;10
826;26.8268790288579;57.8135256189977;Rangeland;Coniferous forest;5
827;25.8755383191559;58.7394390315087;Trees;Broad-leaved forest;14
828;26.064215034672;58.8659635583655;Trees;Coniferous forest;3
829;22.9638701716998;58.4283320678824;Trees;Broad-leaved forest;4
830;26.8938837879432;59.3148793864364;Rangeland;Mixed forest;7
831;25.8608618457164;58.4437594440479;Trees;Broad-leaved forest;3
832;24.8010088522762;57.7186633596237;Trees;Mixed forest;2
833;25.7224211245394;59.5334446574391;Trees;Coniferous forest;6
834;25.4781978522381;57.7791587582298;Trees;Coniferous forest;4
835;26.1079918090468;59.2115260443069;Trees;Broad-leaved forest;5
836;23.8520796995663;58.4435592409439;Trees;Mixed forest;2
837;27.3893223263424;59.2252936125928;Trees;Mixed forest;2
838;25.3814849776984;59.4261426095925;Trees;Coniferous forest;10
839;22.9288414532562;58.3722085986164;Trees;Broad-leaved forest;8
840;23.8488763387035;59.0774175040912;Trees;Mixed forest;3
841;24.8370235989842;58.1614035240018;Rangeland;Coniferous forest;10
842;26.2349628088505;57.9537226301576;Trees;Coniferous forest;12
843;25.6500101888962;59.1100246396304;Crops;Broad-leaved forest;2
844;24.5300797569194;59.5561882139207;Trees;Coniferous forest;128
845;26.3147954459245;59.4863771345221;Rangeland;Mixed forest;10
846;24.1949198466286;58.5380833733396;Trees;Broad-leaved forest;5
847;25.5789978067042;59.3147910283916;Trees;Mixed forest;3
848;26.1354292329872;58.9321575691007;Trees;Broad-leaved forest;10
849;25.5863632924256;59.2564627486593;Trees;Mixed forest;4
850;25.4922142669555;58.0313306423804;Rangeland;Coniferous forest;3
851;26.9985299229964;58.9737335344065;Trees;Coniferous forest;3
852;22.3197893865212;58.5521476357133;Trees;Coniferous forest;18
853;21.990496608959;58.2958239872904;Trees;Mixed forest;6
854;26.9946307363118;58.0418987060344;Crops;Coniferous forest;20
855;26.4668881134517;57.8642983036878;Trees;Mixed forest;4
856;23.6400996553525;58.6757684662224;Trees;Broad-leaved forest;2
857;22.101937699638;58.3788658131169;Trees;Coniferous forest;6
858;24.9471238020889;58.369633210274;Trees;Mixed forest;3
859;24.2529860796814;59.3300799306489;Trees;Coniferous forest;20
860;27.2213247254905;57.8776717910519;Trees;Coniferous forest;3
861;27.802088177963;59.2872994116845;Trees;Broad-leaved forest;14
862;23.9430651407416;58.8009544764386;Rangeland;Broad-leaved forest;2
863;24.2979900782489;58.9457237923844;Trees;Mixed forest;6
864;26.1785461077519;59.2231595659707;Trees;Mixed forest;5
865;22.4913173655416;57.5641362213538;Trees;Mixed forest;3
866;22.3135259731032;57.6312647574846;Trees;Broad-leaved forest;4
867;26.0057254934149;58.0206059322684;Rangeland;Mixed forest;18
868;24.566008740299;58.8345362104623;Trees;Coniferous forest;2
869;26.9747256130582;59.2738753336202;Trees;Mixed forest;3
870;25.1496440830889;58.6362095059924;Crops;Mixed forest;2
871;24.9595253015905;57.64570817332;Trees;Mixed forest;11
872;26.2577471519657;59.0620494208873;Trees;Mixed forest;7
873;22.6510129503954;58.471518318281;Trees;Coniferous forest;3
874;24.7914979089994;59.3584957367205;Trees;Coniferous forest;35
875;26.8267705059059;57.5845507459356;Trees;Mixed forest;6
876;26.3676309865877;58.5835704313196;Trees;Coniferous forest;2
877;25.0371838640902;57.6604249196747;Trees;Mixed forest;4
878;25.0477849433912;58.5782561369167;Trees;Coniferous forest;2
879;25.8667943294196;59.3739790223882;Trees;Coniferous forest;3
880;26.9427184361323;58.4599217142387;Trees;Mixed forest;10
881;24.8007535167504;58.6436041967655;Trees;Coniferous forest;3
882;22.7409204325831;58.8837929471615;Trees;Broad-leaved forest;4
883;26.9130895327821;58.9755080735837;Trees;Mixed forest;4
884;23.921676686912;59.0570940295731;Trees;Coniferous forest;6
885;27.1579289133142;57.9752749065499;Trees;Coniferous forest;3
886;27.716559981148;59.3522917449361;Trees;Broad-leaved forest;19
887;25.8290450624259;58.6702312847889;Trees;Mixed forest;4
888;24.6835908394138;58.0493225875497;Trees;Mixed forest;3
889;28.1428615914877;59.4332251985307;Trees;Mixed forest;14
890;27.4551936570078;57.728169864501;Rangeland;Mixed forest;5
891;27.4088883615593;57.9647509307269;Trees;Mixed forest;11
892;26.0397534393437;57.5478631447958;Trees;Coniferous forest;3
893;27.6953274931675;59.197249419038;Trees;Coniferous forest;1
894;24.2793452159991;59.318141337306;Trees;Mixed forest;17
895;22.573226908506;57.6976737570627;Trees;Coniferous forest;11
896;22.0431045413216;58.2451386950307;Trees;Mixed forest;6
897;25.6528045143347;59.4856788533442;Trees;Coniferous forest;11
898;26.2581000579939;58.6713425668309;Trees;Mixed forest;9
899;27.7760873898484;59.1592531883551;Rangeland;Mixed forest;1
900;26.8446742921385;59.0036404465684;Trees;Mixed forest;11
901;22.1829011049911;58.4259852025624;Trees;Coniferous forest;10
902;24.1844913640797;58.8731701503416;Trees;Coniferous forest;3
903;26.2381647911734;58.9480044305434;Trees;Mixed forest;4
904;26.3089965559799;57.6286727840922;Water;Coniferous forest;6
905;24.4893249944397;58.4540758738661;Trees;Mixed forest;8
906;24.377166983483;58.6017378141182;Trees;Coniferous forest;4
907;26.8426565660335;57.8313311033349;Trees;Mixed forest;15
908;22.5125437458833;57.7316772900088;Trees;Coniferous forest;11
909;23.9424121417283;58.6205130931087;Trees;Mixed forest;4
910;22.9002571733995;58.8598149755146;Trees;Broad-leaved forest;11
911;27.5399967096264;57.9579556069171;Trees;Coniferous forest;10
912;23.3491970101112;58.9894589755945;Trees;Mixed forest;6
913;27.6836224600395;59.3583627887038;Trees;Coniferous forest;10
914;26.330464000998;57.6743961040367;Trees;Mixed forest;3
915;22.5264473987123;57.6363800976767;Trees;Mixed forest;6
916;25.0511405411547;58.7416508032662;Trees;Broad-leaved forest;3
917;26.9038562251199;58.8127599900314;Rangeland;Broad-leaved forest;8
918;26.5031843140954;58.7176339148406;Trees;Coniferous forest;8
919;22.6073652439479;58.7332979456147;Trees;Broad-leaved forest;6
920;26.4064353100978;57.7183634515638;Trees;Mixed forest;4
921;25.4199288740049;57.9792950532189;Trees;Mixed forest;7
922;27.6841193475147;59.0764789378172;Trees;Broad-leaved forest;9
923;25.6182105052405;59.2096669837653;Trees;Coniferous forest;6
924;24.405532731656;57.6111564688486;Trees;Mixed forest;11
925;26.4903397858558;58.9365995038099;Trees;Mixed forest;6
926;27.0495946978792;59.1003619253395;Trees;Coniferous forest;1
927;25.339589871095;58.3815009400173;Trees;Mixed forest;3
928;26.8067591366415;57.5285170050676;Trees;Coniferous forest;6
929;27.4664674399458;59.1726539882092;Trees;Mixed forest;1
930;25.8746741395756;58.7490707990139;Trees;Mixed forest;4
931;24.3804389022039;59.1909078411195;Rangeland;Broad-leaved forest;5
932;25.0384229645364;59.0778560704999;Trees;Mixed forest;3
933;24.6793814550871;58.119749173119;Trees;Coniferous forest;10
934;27.6714557919114;57.8575958166111;Trees;Coniferous forest;4
935;27.0741342883562;59.3607304398164;Built Area;Coniferous forest;33
936;26.0231372032427;58.9919253828344;Trees;Mixed forest;18
937;25.8100145196638;59.0466540732363;Trees;Broad-leaved forest;10
938;22.7462910570167;58.3858033485173;Trees;Coniferous forest;10
939;25.0248420550161;58.41165842388;Trees;Broad-leaved forest;6
940;25.3376167436433;58.6271631979036;Trees;Mixed forest;2
941;23.3771675487079;58.5630987267759;Rangeland;Coniferous forest;10
942;24.5601885936541;58.7688678632375;Trees;Coniferous forest;2
943;25.9912379842995;59.217576929358;Trees;Broad-leaved forest;12
944;25.9205508385662;57.6164899565196;Trees;Mixed forest;2
945;24.637450470181;58.6242252902026;Trees;Broad-leaved forest;7
946;22.181349539269;58.0274332457404;Trees;Coniferous forest;14
947;25.0322258250891;58.8303005632772;Trees;Mixed forest;11
948;25.2527000646342;58.6949441418974;Trees;Mixed forest;10
949;26.1484783973884;58.1401690597623;Trees;Mixed forest;8
950;24.5962124244449;58.7972755155971;Trees;Mixed forest;2
951;24.9308514280126;58.6639191940911;Trees;Mixed forest;4
952;26.9989342384277;57.5999356136781;Trees;Mixed forest;4
953;26.1843025803197;59.2086928336265;Trees;Coniferous forest;12
954;24.7044812254417;59.1269085035815;Trees;Broad-leaved forest;4
955;27.6111015310852;59.1663955349196;Trees;Mixed forest;9
956;24.7283688456376;58.5024749904336;Trees;Coniferous forest;3
957;26.5434897263726;58.0437646180192;Trees;Mixed forest;13
958;25.4767362544766;58.6250750118506;Trees;Coniferous forest;2
959;27.1711181982133;57.744364175845;Trees;Mixed forest;11
960;25.2724927090473;58.4693470829803;Trees;Mixed forest;2
961;24.2149703087574;59.3328676131315;Trees;Mixed forest;18
962;22.3986015861201;58.4273691412401;Trees;Coniferous forest;4
963;27.4010158918083;57.9669862393234;Trees;Mixed forest;11
964;26.6160112165806;59.3343712851933;Rangeland;Mixed forest;3
965;25.1917874446227;57.8499564411108;Trees;Mixed forest;18
966;25.2764948083011;57.6382235521207;Trees;Mixed forest;7
967;26.0804404013086;59.0803888542483;Trees;Broad-leaved forest;3
968;21.9820836304821;58.2388494900791;Trees;Coniferous forest;6
969;26.3872573613912;59.035421730833;Trees;Broad-leaved forest;13
970;22.4481402422849;58.3961610547823;Trees;Coniferous forest;5
971;24.7833065458066;58.0277603533184;Trees;Coniferous forest;6
972;24.454683647081;59.0378119599981;Trees;Mixed forest;13
973;25.7146029209519;58.0380573471788;Trees;Broad-leaved forest;3
974;25.3035919089014;58.9805093105364;Trees;Coniferous forest;2
975;26.2783354615796;59.0415518349564;Rangeland;Broad-leaved forest;4
976;25.8512634616681;58.5048310302356;Trees;Mixed forest;6
977;26.4422215739698;58.4905070651732;Trees;Mixed forest;2
978;24.945451995474;58.6825160717887;Trees;Mixed forest;3
979;22.5119410951621;58.8005805104293;Trees;Mixed forest;3
980;25.3047315943876;58.4152947929932;Trees;Coniferous forest;2
981;25.5395381047984;58.8431904176661;Trees;Broad-leaved forest;12
982;27.0566847185189;58.3141640737759;Trees;Coniferous forest;4
983;25.475764150942;57.7927209910057;Trees;Coniferous forest;4
984;23.2340568841132;58.5420952295144;Trees;Mixed forest;5
985;21.9449700477252;58.5037906079502;Trees;Coniferous forest;3
986;25.4784978912102;58.0108901724616;Trees;Coniferous forest;4
987;26.444703937137;57.6248162835665;Trees;Coniferous forest;6
988;26.652234639564;59.5269643388879;Trees;Mixed forest;4
989;22.9248667641837;58.5926664836178;Trees;Coniferous forest;11
990;25.7940065928742;59.4610705322137;Trees;Mixed forest;11
991;24.6749524729338;58.2901750990191;Trees;Mixed forest;12
992;25.2725322050589;57.5991032997753;Trees;Mixed forest;7
993;26.5696316180587;59.2605826366588;Trees;Coniferous forest;3
994;22.0146892574995;57.5946575206279;Trees;Coniferous forest;10
995;25.7368059884258;58.3408436281783;Trees;Mixed forest;4
996;23.8986169357982;58.3568282199844;Trees;Broad-leaved forest;10
997;25.4551949567859;58.0824037046183;Rangeland;Mixed forest;3
998;24.7934584935406;58.3297093129789;Rangeland;Mixed forest;2
999;25.0390198415659;59.4668611343228;Trees;Mixed forest;30
1000;26.7423540218511;59.2678958773829;Trees;Coniferous forest;2
1001;25.0892455950201;58.0499732211094;Trees;Mixed forest;2
1002;27.0276815803657;58.6257341168533;Trees;Coniferous forest;3
1003;27.257903606313;57.5364670174088;Trees;Mixed forest;2
1004;27.2179038757278;58.0250674465762;Trees;Coniferous forest;3
1005;26.7752047449298;58.0460163821196;Trees;Mixed forest;11
1006;25.6459015127325;58.5862798873728;Trees;Mixed forest;3
1007;24.6122525059091;58.4787949696615;Trees;Broad-leaved forest;3
1008;23.9801826387333;58.3907335557114;Trees;Mixed forest;6
1009;25.9391327552674;57.7324024425744;Trees;Coniferous forest;18
1010;25.0464318474353;57.5338132953648;Trees;Mixed forest;5
1011;25.8615805208545;57.8933731757799;Trees;Coniferous forest;10
1012;24.9191410744099;58.6806323715576;Trees;Mixed forest;2
1013;26.0852228169661;59.2742116937904;Trees;Mixed forest;4
1014;22.3966437301203;57.6964808305774;Trees;Coniferous forest;7
1015;26.838246477275;58.5895468800239;Trees;Coniferous forest;11
1016;25.9219042483947;58.8528049986778;Trees;Coniferous forest;2
1017;23.6725088126303;59.1243414861796;Trees;Mixed forest;1
1018;27.149458990443;58.5484574538033;Trees;Coniferous forest;4
1019;26.0310172528323;58.6914551077856;Trees;Broad-leaved forest;11
1020;23.4431227096472;59.0461680848981;Trees;Broad-leaved forest;2
1021;26.4382477576499;58.2339177321534;Trees;Coniferous forest;26
1022;26.8374005772896;58.5215752035207;Rangeland;Coniferous forest;4
1023;26.9121906981628;58.1950932260416;Trees;Mixed forest;13
1024;27.2711307049102;59.3160392937448;Trees;Coniferous forest;18
1025;26.4379198608896;57.7522810879844;Trees;Mixed forest;2
1026;26.7098105429477;58.898613507631;Trees;Broad-leaved forest;2
1027;24.6885699820305;58.8163893030548;Trees;Mixed forest;2
1028;23.7227858465772;58.8286271326206;Trees;Broad-leaved forest;10
1029;25.7758974245684;58.4360396980467;Trees;Broad-leaved forest;4
1030;24.2313727775541;58.8738131167716;Trees;Coniferous forest;3
1031;24.2003521880024;59.2966428672677;Trees;Coniferous forest;6
1032;24.4338600106507;57.8517554678845;Trees;Broad-leaved forest;18
1033;24.8232933440294;58.845248835951;Trees;Coniferous forest;7
1034;27.4356486338537;57.7809487352284;Trees;Coniferous forest;3
1035;27.7210398010017;59.103355125774;Rangeland;Coniferous forest;2
1036;22.8168826452096;58.5912684185781;Trees;Broad-leaved forest;6
1037;27.9073664954842;59.3276135037784;Trees;Broad-leaved forest;6
1038;24.7182361832927;57.8587499178014;Trees;Mixed forest;5
1039;24.9448571022894;58.7829047422562;Crops;Mixed forest;3
1040;25.8708671891578;58.1520865495624;Trees;Mixed forest;3
1041;25.2568913370522;58.4912775113191;Trees;Mixed forest;2
1042;25.1875236873363;59.4990926832636;Trees;Coniferous forest;7
1043;24.6807504836473;58.0876151442831;Trees;Mixed forest;10
1044;24.2039597376351;59.1713372416628;Trees;Mixed forest;3
1045;21.9781665561045;57.5908739299176;Trees;Coniferous forest;10
1046;24.6404082088781;57.8783038760027;Trees;Mixed forest;10
1047;27.32165617197;57.5996491597919;Trees;Mixed forest;2
1048;23.8595484147214;58.472953893873;Trees;Mixed forest;2
1049;22.7774165601223;58.2753106704582;Trees;Broad-leaved forest;18
1050;25.9998315367313;58.5374045630847;Trees;Broad-leaved forest;4
1051;25.2214156337502;59.0541272157034;Trees;Mixed forest;2
1052;26.3577880728435;59.0012218739531;Trees;Coniferous forest;2
1053;26.2732563709675;59.4626889014968;Trees;Broad-leaved forest;5
1054;25.4069160037399;59.3847435290843;Trees;Coniferous forest;10
1055;26.1880948701581;58.5294794589222;Trees;Mixed forest;2
1056;24.2299081890683;58.9982825936898;Trees;Mixed forest;10
1057;25.113446717196;58.5118478468235;Trees;Coniferous forest;2
1058;26.0626783446141;58.0066732260721;Trees;Coniferous forest;5
1059;24.6896537455862;57.793454146595;Rangeland;Mixed forest;2
1060;22.0734281728133;58.2763925606668;Trees;Coniferous forest;10
1061;26.9072000735144;58.2083105422423;Trees;Mixed forest;11
1062;25.6791949665487;58.8297245454492;Trees;Mixed forest;2
1063;25.3436779466103;58.3757196273504;Trees;Mixed forest;3
1064;25.4813144286195;59.2247129603228;Trees;Mixed forest;6
1065;26.1607920142135;57.6707032628334;Trees;Coniferous forest;4
1066;26.0734216006179;58.0458508303345;Rangeland;Coniferous forest;3
1067;25.8335042820923;57.7558709702009;Trees;Broad-leaved forest;3
1068;26.4674747592596;58.4269701531381;Trees;Broad-leaved forest;7
1069;24.8345096680136;58.9415604828561;Trees;Mixed forest;9
1070;24.1747192744908;59.0672794863026;Trees;Mixed forest;5
1071;26.5999009372879;57.6457542766811;Trees;Coniferous forest;2
1072;26.5512476787917;58.5733413313547;Trees;Mixed forest;4
1073;23.4768116625064;58.898218315644;Trees;Broad-leaved forest;13
1074;27.7268210947927;59.2415334992959;Rangeland;Broad-leaved forest;3
1075;26.6650580334087;58.1907894558129;Trees;Mixed forest;4
1076;22.907686003809;58.5562266790064;Trees;Broad-leaved forest;11
1077;27.3381605903462;59.0550144317427;Trees;Coniferous forest;3
1078;27.4362493559411;59.4081338624861;Rangeland;Broad-leaved forest;6
1079;23.6132534116522;59.1885911769633;Trees;Broad-leaved forest;3
1080;25.7220235790484;58.2549841355568;Trees;Mixed forest;11
1081;22.4378439688059;57.6304101759262;Trees;Broad-leaved forest;5
1082;23.2526817859327;57.815571536739;Trees;Broad-leaved forest;6
1083;25.6180035785665;57.9404037865774;Trees;Coniferous forest;3
1084;26.6618019568889;59.5052573640092;Trees;Broad-leaved forest;6
1085;25.6738844090841;58.9039820209029;Trees;Coniferous forest;6
1086;22.8339883259988;58.9236062525473;Trees;Broad-leaved forest;4
1087;22.1266987574682;58.3704921303215;Trees;Coniferous forest;3
1088;24.4869436216716;57.662500471203;Trees;Coniferous forest;11
1089;26.0660640939346;59.1258845014281;Trees;Mixed forest;4
1090;25.9975768479907;59.032719469588;Trees;Mixed forest;3
1091;26.7289600316049;59.3905651760289;Trees;Coniferous forest;6
1092;25.2581394451538;59.0852127218624;Trees;Mixed forest;2
1093;24.5843175049893;59.1614817255726;Trees;Coniferous forest;5
1094;26.1286299989652;57.5905003270357;Trees;Broad-leaved forest;2
1095;26.0909828591446;59.5058414502783;Rangeland;Mixed forest;3
1096;22.6416077357855;58.7085822822829;Trees;Broad-leaved forest;5
1097;23.6596854169224;58.6825463996631;Trees;Broad-leaved forest;2
1098;26.9402856532945;58.2452228556224;Trees;Coniferous forest;7
1099;25.9972500982428;59.0560132200735;Crops;Mixed forest;4
1100;26.7302260459461;57.9800326538011;Trees;Coniferous forest;9
1101;25.1337593835997;58.5047914087277;Trees;Coniferous forest;2